{"text": " Watch the videos again!", "segments": [{"id": 0, "seek": 0, "start": 0.0, "end": 1.84, "text": " Watch the videos again!", "tokens": [50364, 7277, 264, 2145, 797, 0, 50456], "temperature": 1.0, "avg_logprob": -2.8329546451568604, "compression_ratio": 0.7419354838709677, "no_speech_prob": 0.4638301134109497}], "language": "en"}
